scene,triangles,bvh,ms_per_iter,fps
suzanne_4k,3936,1,48.61,20.6
suzanne_4k,3936,1,47.70,21.0
suzanne_4k,3936,1,48.03,20.8
suzanne_16k,15744,1,49.32,20.3
suzanne_16k,15744,1,48.84,20.5
suzanne_16k,15744,1,48.87,20.5
kitchen_v0,25653,1,33.78,29.6
kitchen_v0,25653,1,33.39,29.9
kitchen_v0,25653,1,33.39,30.0
suzanne_4k,3936,0,278.56,3.6
suzanne_4k,3936,0,280.48,3.6
suzanne_4k,3936,0,282.27,3.5
suzanne_16k,15744,0,1041.20,1.0
suzanne_16k,15744,0,1074.89,0.9
suzanne_16k,15744,0,1089.57,0.9
kitchen_v0,25653,0,333.70,3.0
kitchen_v0,25653,0,334.01,3.0
kitchen_v0,25653,0,331.36,3.0
