scene,res,triangles,bvh,ms_per_iter,fps
suzanne_16k,800,15744,1,50.62,19.8
suzanne_16k,800,15744,1,51.03,19.6
suzanne_16k,800,15744,1,49.87,20.1
kitchen_v0_400,400,25653,1,35.23,28.4
kitchen_v0_400,400,25653,1,35.94,27.8
kitchen_v0_400,400,25653,1,35.58,28.1
kitchen_v0_800,800,25653,1,100.04,10.0
kitchen_v0_800,800,25653,1,98.91,10.1
kitchen_v0_800,800,25653,1,98.93,10.1
suzanne_16k,800,15744,0,1015.03,1.0
suzanne_16k,800,15744,0,1026.86,1.0
suzanne_16k,800,15744,0,1024.70,1.0
kitchen_v0_400,400,25653,0,306.61,3.3
kitchen_v0_400,400,25653,0,307.77,3.2
kitchen_v0_400,400,25653,0,308.68,3.2
kitchen_v0_800,800,25653,0,1074.43,0.9
kitchen_v0_800,800,25653,0,1086.09,0.9
kitchen_v0_800,800,25653,0,1081.66,0.9
