scene,leaf_size,depth_limit,bvh_nodes,ms_per_iter,fps
suzanne_16k,4,24,8191,51.47,19.4
suzanne_16k,4,24,8191,51.86,19.3
suzanne_16k,4,24,8191,51.52,19.4
kitchen_v0,4,24,15611,34.91,28.6
kitchen_v0,4,24,15611,35.87,27.9
kitchen_v0,4,24,15611,35.44,28.2
suzanne_16k,1,24,31487,51.35,19.5
suzanne_16k,1,24,31487,52.69,19.0
suzanne_16k,1,24,31487,54.31,18.4
kitchen_v0,1,24,51301,34.15,29.3
kitchen_v0,1,24,51301,34.72,28.8
kitchen_v0,1,24,51301,35.35,28.3
suzanne_16k,2,24,16383,51.77,19.3
suzanne_16k,2,24,16383,51.18,19.5
suzanne_16k,2,24,16383,50.43,19.8
kitchen_v0,2,24,29947,35.69,28.0
kitchen_v0,2,24,29947,35.53,28.1
kitchen_v0,2,24,29947,35.31,28.3
suzanne_16k,8,24,4095,52.95,18.9
suzanne_16k,8,24,4095,52.43,19.1
suzanne_16k,8,24,4095,52.09,19.2
kitchen_v0,8,24,8187,34.82,28.7
kitchen_v0,8,24,8187,35.94,27.8
kitchen_v0,8,24,8187,37.38,26.8
suzanne_16k,16,24,2047,56.51,17.7
suzanne_16k,16,24,2047,54.71,18.3
suzanne_16k,16,24,2047,56.91,17.6
kitchen_v0,16,24,4091,42.03,23.8
kitchen_v0,16,24,4091,41.93,23.9
kitchen_v0,16,24,4091,41.84,23.9
suzanne_16k,32,24,1023,63.51,15.7
suzanne_16k,32,24,1023,62.60,16.0
suzanne_16k,32,24,1023,61.90,16.2
kitchen_v0,32,24,2043,42.84,23.3
kitchen_v0,32,24,2043,44.70,22.4
kitchen_v0,32,24,2043,45.88,21.8
suzanne_16k,4,6,127,140.10,7.1
suzanne_16k,4,6,127,135.99,7.4
suzanne_16k,4,6,127,132.50,7.5
kitchen_v0,4,6,635,57.93,17.3
kitchen_v0,4,6,635,58.08,17.2
kitchen_v0,4,6,635,57.71,17.3
suzanne_16k,4,8,511,72.37,13.8
suzanne_16k,4,8,511,71.55,14.0
suzanne_16k,4,8,511,72.84,13.7
kitchen_v0,4,8,2555,39.88,25.1
kitchen_v0,4,8,2555,40.84,24.5
kitchen_v0,4,8,2555,39.86,25.1
suzanne_16k,4,10,2047,54.73,18.3
suzanne_16k,4,10,2047,56.42,17.7
suzanne_16k,4,10,2047,56.13,17.8
kitchen_v0,4,10,10235,36.42,27.5
kitchen_v0,4,10,10235,36.35,27.5
kitchen_v0,4,10,10235,36.57,27.3
suzanne_16k,4,12,8191,52.64,19.0
suzanne_16k,4,12,8191,51.85,19.3
suzanne_16k,4,12,8191,49.89,20.0
kitchen_v0,4,12,15611,36.65,27.3
kitchen_v0,4,12,15611,37.92,26.4
kitchen_v0,4,12,15611,37.40,26.7
