Time (%),Total Time (ns),Instances,Avg (ns),Med (ns),Min (ns),Max (ns),StdDev (ns),Name
61.9,3927544404,2400,1636476.8,1558514.5,1326342,2508624,229800.2,"computeIntersections(int, int, PathSegment *, Geom *, int, Triangle *, BVHNode *, ShadeableIntersection *)"
22.7,1440942889,23394,61594.5,61503.0,52319,75198,5074.3,"void cub::_V_300304_SM_860::detail::merge_sort::DeviceMergeSortMergeKernel<cub::_V_300304_SM_860::detail::merge_sort::policy_hub<ShadeableIntersection *>::Policy600, ShadeableIntersection *, PathSegment *, ShadeableIntersection *, PathSegment *, unsigned int, material_id_less, ShadeableIntersection, PathSegment, cub::_V_300304_SM_860::detail::merge_sort::VSMemHelper>(bool, T4, T5, T6, T8 *, T9 *, T7, T6 *, T6, cub::_V_300304_SM_860::detail::vsmem_t)"
5.1,321235646,2400,133848.2,130685.0,112126,166877,14751.9,"void cub::_V_300304_SM_860::detail::for_each::static_kernel<cub::_V_300304_SM_860::detail::for_each::policy_hub_t::policy_500_t, unsigned long long, cub::_V_300304_SM_860::detail::for_each::op_wrapper_t<unsigned long long, thrust::_V_300304_SM_860::detail::construct1_via_allocator<thrust::_V_300304_SM_860::detail::no_throw_allocator<thrust::_V_300304_SM_860::detail::temporary_allocator<PathSegment, thrust::_V_300304_SM_860::cuda_cub::par_t>>>, thrust::_V_300304_SM_860::pointer<PathSegment, thrust::_V_300304_SM_860::cuda_cub::par_t, thrust::_V_300304_SM_860::use_default, thrust::_V_300304_SM_860::use_default>>>(T2, T3)"
3.2,199949327,2400,83312.2,82463.0,70558,100511,8010.3,"void cub::_V_300304_SM_860::detail::merge_sort::DeviceMergeSortBlockSortKernel<cub::_V_300304_SM_860::detail::merge_sort::policy_hub<ShadeableIntersection *>::Policy600, ShadeableIntersection *, PathSegment *, ShadeableIntersection *, PathSegment *, unsigned int, material_id_less, ShadeableIntersection, PathSegment, cub::_V_300304_SM_860::detail::merge_sort::VSMemHelper>(bool, T2, T3, T4, T5, T6, T8 *, T9 *, T7, cub::_V_300304_SM_860::detail::vsmem_t)"
2.4,152635216,23394,6524.5,6591.0,2272,8800,1053.8,"void cub::_V_300304_SM_860::detail::merge_sort::DeviceMergeSortPartitionKernel<ShadeableIntersection *, unsigned int, material_id_less, ShadeableIntersection>(bool, T1, T4 *, T2, T2, T2 *, T3, T2, int)"
1.9,120315401,2400,50131.4,49007.5,39231,72510,6815.3,"shadeMaterial(int, int, ShadeableIntersection *, PathSegment *, Material *, glm::tvec3<float, (glm::precision)0> *, TextureInfo *, Geom *, int *, int)"
1.4,91920060,2400,38300.0,37344.0,29440,51967,5661.4,"void cub::_V_300304_SM_860::detail::for_each::static_kernel<cub::_V_300304_SM_860::detail::for_each::policy_hub_t::policy_500_t, long long, thrust::_V_300304_SM_860::cuda_cub::__uninitialized_copy::functor<PathSegment *, thrust::_V_300304_SM_860::detail::normal_iterator<thrust::_V_300304_SM_860::pointer<PathSegment, thrust::_V_300304_SM_860::cuda_cub::par_t, thrust::_V_300304_SM_860::use_default, thrust::_V_300304_SM_860::use_default>>>>(T2, T3)"
1.0,66380389,2400,27658.5,27711.0,22336,34207,2514.4,"void cub::_V_300304_SM_860::detail::select::DeviceSelectSweepKernel<cub::_V_300304_SM_860::detail::select::policy_hub<PathSegment, cub::_V_300304_SM_860::NullType, int, (bool)0, (cub::_V_300304_SM_860::SelectImpl)2>::Policy1000, PathSegment *, cub::_V_300304_SM_860::NullType *, PathSegment *, int *, cub::_V_300304_SM_860::ScanTileState<int, (bool)1>, is_path_alive, cub::_V_300304_SM_860::NullType, int, cub::_V_300304_SM_860::detail::select::streaming_context_t<int, (bool)0>, (cub::_V_300304_SM_860::SelectImpl)2>(T2, T3, T4, T5, T6, T7, T8, T9, int, T10, cub::_V_300304_SM_860::detail::vsmem_t)"
0.2,9726072,300,32420.2,32320.0,31743,36192,507.9,"generateRayFromCamera(Camera, int, int, PathSegment *)"
0.1,6980713,300,23269.0,23200.0,22272,25471,487.9,"finalGather(int, glm::tvec3<float, (glm::precision)0> *, PathSegment *)"
0.0,3079233,2400,1283.0,1280.0,1247,2368,38.9,"void cub::_V_300304_SM_860::detail::scan::DeviceCompactInitKernel<cub::_V_300304_SM_860::ScanTileState<int, (bool)1>, int *>(T1, int, T2)"
0.0,1946054,300,6486.8,6432.0,6368,7872,208.8,"sendImageToPBO(uchar4 *, glm::tvec2<int, (glm::precision)0>, int, glm::tvec3<float, (glm::precision)0> *)"
