scene,config,stage,ms_per_iter
cornell,all-on,compact,3.733
cornell,all-on,display,0.021
cornell,all-on,gather,0.119
cornell,all-on,generate,0.114
cornell,all-on,intersect,8.182
cornell,all-on,shade,0.747
cornell,all-on,sort,12.189
cornell,all-on,kernels,25.106
cornell,all-on,host,49.783
cornell,no-compaction,display,0.022
cornell,no-compaction,gather,0.128
cornell,no-compaction,generate,0.114
cornell,no-compaction,intersect,15.961
cornell,no-compaction,shade,0.829
cornell,no-compaction,sort,25.409
cornell,no-compaction,kernels,42.462
cornell,no-compaction,host,66.224
cornell,no-sort-no-compaction,display,0.022
cornell,no-sort-no-compaction,gather,0.048
cornell,no-sort-no-compaction,generate,0.114
cornell,no-sort-no-compaction,intersect,16.930
cornell,no-sort-no-compaction,shade,1.272
cornell,no-sort-no-compaction,kernels,18.387
cornell,no-sort-no-compaction,host,22.512
cornell,no-sort,compact,3.740
cornell,no-sort,display,0.021
cornell,no-sort,gather,0.078
cornell,no-sort,generate,0.114
cornell,no-sort,intersect,8.250
cornell,no-sort,shade,0.843
cornell,no-sort,kernels,13.046
cornell,no-sort,host,25.576
cornell_closed,all-on,compact,7.141
cornell_closed,all-on,display,0.021
cornell_closed,all-on,gather,0.193
cornell_closed,all-on,generate,0.115
cornell_closed,all-on,intersect,18.051
cornell_closed,all-on,shade,1.457
cornell_closed,all-on,sort,23.546
cornell_closed,all-on,kernels,50.524
cornell_closed,all-on,host,81.531
cornell_closed,no-compaction,display,0.021
cornell_closed,no-compaction,gather,0.199
cornell_closed,no-compaction,generate,0.115
cornell_closed,no-compaction,intersect,19.463
cornell_closed,no-compaction,shade,1.469
cornell_closed,no-compaction,sort,25.500
cornell_closed,no-compaction,kernels,46.767
cornell_closed,no-compaction,host,68.322
cornell_closed,no-sort-no-compaction,display,0.021
cornell_closed,no-sort-no-compaction,gather,0.049
cornell_closed,no-sort-no-compaction,generate,0.115
cornell_closed,no-sort-no-compaction,intersect,20.098
cornell_closed,no-sort-no-compaction,shade,1.645
cornell_closed,no-sort-no-compaction,kernels,21.928
cornell_closed,no-sort-no-compaction,host,25.644
cornell_closed,no-sort,compact,7.205
cornell_closed,no-sort,display,0.021
cornell_closed,no-sort,gather,0.054
cornell_closed,no-sort,generate,0.115
cornell_closed,no-sort,intersect,18.260
cornell_closed,no-sort,shade,1.552
cornell_closed,no-sort,kernels,27.208
cornell_closed,no-sort,host,41.422
kitchen_v0,all-on,compact,1.609
kitchen_v0,all-on,display,0.006
kitchen_v0,all-on,gather,0.023
kitchen_v0,all-on,generate,0.032
kitchen_v0,all-on,intersect,13.092
kitchen_v0,all-on,shade,0.401
kitchen_v0,all-on,sort,5.978
kitchen_v0,all-on,kernels,21.142
kitchen_v0,all-on,host,36.410
kitchen_v0,no-bvh,compact,1.628
kitchen_v0,no-bvh,display,0.007
kitchen_v0,no-bvh,gather,0.024
kitchen_v0,no-bvh,generate,0.033
kitchen_v0,no-bvh,intersect,280.318
kitchen_v0,no-bvh,shade,0.403
kitchen_v0,no-bvh,sort,6.057
kitchen_v0,no-bvh,kernels,288.469
kitchen_v0,no-bvh,host,303.711
kitchen_v1,all-on,compact,12.004
kitchen_v1,all-on,display,0.021
kitchen_v1,all-on,gather,0.194
kitchen_v1,all-on,generate,0.187
kitchen_v1,all-on,intersect,103.523
kitchen_v1,all-on,shade,2.991
kitchen_v1,all-on,sort,38.653
kitchen_v1,all-on,kernels,157.572
kitchen_v1,all-on,host,210.079
