scene,sort,compaction,aa,bounce,paths_alive
open,1,1,1,1,522877
open,1,1,1,2,362280
open,1,1,1,3,280193
open,1,1,1,4,223201
open,1,1,1,5,180479
open,1,1,1,6,146774
open,1,1,1,7,119716
open,1,1,1,8,0
closed,1,1,1,1,613895
closed,1,1,1,2,600904
closed,1,1,1,3,590148
closed,1,1,1,4,579851
closed,1,1,1,5,569868
closed,1,1,1,6,560132
closed,1,1,1,7,550769
closed,1,1,1,8,0
open,1,0,1,1,640000
open,1,0,1,2,640000
open,1,0,1,3,640000
open,1,0,1,4,640000
open,1,0,1,5,640000
open,1,0,1,6,640000
open,1,0,1,7,640000
open,1,0,1,8,640000
closed,1,0,1,1,640000
closed,1,0,1,2,640000
closed,1,0,1,3,640000
closed,1,0,1,4,640000
closed,1,0,1,5,640000
closed,1,0,1,6,640000
closed,1,0,1,7,640000
closed,1,0,1,8,640000
open,0,1,1,1,522877
open,0,1,1,2,361753
open,0,1,1,3,279407
open,0,1,1,4,223014
open,0,1,1,5,180514
open,0,1,1,6,146970
open,0,1,1,7,119919
open,0,1,1,8,0
closed,0,1,1,1,613895
closed,0,1,1,2,601062
closed,0,1,1,3,590382
closed,0,1,1,4,580131
closed,0,1,1,5,570172
closed,0,1,1,6,560577
closed,0,1,1,7,550991
closed,0,1,1,8,0
open,0,0,1,1,640000
open,0,0,1,2,640000
open,0,0,1,3,640000
open,0,0,1,4,640000
open,0,0,1,5,640000
open,0,0,1,6,640000
open,0,0,1,7,640000
open,0,0,1,8,640000
closed,0,0,1,1,640000
closed,0,0,1,2,640000
closed,0,0,1,3,640000
closed,0,0,1,4,640000
closed,0,0,1,5,640000
closed,0,0,1,6,640000
closed,0,0,1,7,640000
closed,0,0,1,8,640000
open,0,1,0,1,523164
open,0,1,0,2,362150
open,0,1,0,3,279680
open,0,1,0,4,222899
open,0,1,0,5,180366
open,0,1,0,6,146600
open,0,1,0,7,119912
open,0,1,0,8,0
