scene,sort,compaction,aa,iter,ms_per_iter
open,1,1,1,100,47.44
open,1,1,1,200,46.13
open,1,1,1,300,45.16
open,1,1,1,400,45.15
open,1,1,1,500,45.38
open,1,1,1,600,46.98
open,1,1,1,700,49.20
open,1,1,1,800,48.92
open,1,1,1,900,49.08
open,1,1,1,1000,48.45
closed,1,1,1,100,81.83
closed,1,1,1,200,83.23
closed,1,1,1,300,83.15
closed,1,1,1,400,82.92
closed,1,1,1,500,83.62
closed,1,1,1,600,79.85
closed,1,1,1,700,78.30
closed,1,1,1,800,78.91
closed,1,1,1,900,78.97
closed,1,1,1,1000,78.64
open,1,0,1,100,62.30
open,1,0,1,200,61.79
open,1,0,1,300,61.97
open,1,0,1,400,62.12
open,1,0,1,500,62.28
open,1,0,1,600,62.09
open,1,0,1,700,62.28
open,1,0,1,800,62.08
open,1,0,1,900,62.09
open,1,0,1,1000,62.50
closed,1,0,1,100,66.44
closed,1,0,1,200,65.97
closed,1,0,1,300,66.59
closed,1,0,1,400,65.62
closed,1,0,1,500,65.85
closed,1,0,1,600,65.89
closed,1,0,1,700,65.73
closed,1,0,1,800,65.90
closed,1,0,1,900,65.78
closed,1,0,1,1000,65.87
open,0,1,1,100,21.41
open,0,1,1,200,21.35
open,0,1,1,300,22.47
open,0,1,1,400,22.43
open,0,1,1,500,21.66
open,0,1,1,600,21.13
open,0,1,1,700,21.48
open,0,1,1,800,22.72
open,0,1,1,900,22.64
open,0,1,1,1000,21.76
closed,0,1,1,100,38.27
closed,0,1,1,200,38.56
closed,0,1,1,300,38.09
closed,0,1,1,400,38.05
closed,0,1,1,500,38.99
closed,0,1,1,600,38.73
closed,0,1,1,700,38.15
closed,0,1,1,800,38.64
closed,0,1,1,900,37.84
closed,0,1,1,1000,38.70
open,0,0,1,100,20.03
open,0,0,1,200,19.67
open,0,0,1,300,19.75
open,0,0,1,400,19.86
open,0,0,1,500,19.73
open,0,0,1,600,19.63
open,0,0,1,700,19.64
open,0,0,1,800,20.06
open,0,0,1,900,20.03
open,0,0,1,1000,19.91
closed,0,0,1,100,23.76
closed,0,0,1,200,23.42
closed,0,0,1,300,23.51
closed,0,0,1,400,23.50
closed,0,0,1,500,23.34
closed,0,0,1,600,23.34
closed,0,0,1,700,23.63
closed,0,0,1,800,23.62
closed,0,0,1,900,23.21
closed,0,0,1,1000,23.23
open,0,1,0,100,21.48
open,0,1,0,200,21.31
open,0,1,0,300,22.06
open,0,1,0,400,22.11
open,0,1,0,500,21.94
open,0,1,0,600,21.18
open,0,1,0,700,21.58
open,0,1,0,800,22.33
open,0,1,0,900,22.58
open,0,1,0,1000,21.68
